,ISE,SP,DAX,FTSE,NIKKEI,BOVESPA,EU,EM
1,0.038376187,-0.004679315,0.002193419,0.003894376,0,0.031190229,0.012698039,0.028524462
2,0.031812743,0.007786738,0.008455341,0.012865611,0.004162452,0.01891958,0.011340652,0.008772644
3,-0.026352966,-0.030469134,-0.017833062,-0.028734593,0.017292932,-0.035898576,-0.017072795,-0.020015412
4,-0.084715902,0.003391364,-0.011726277,-0.000465999,-0.040061309,0.028283152,-0.005560959,-0.019423778
5,0.009658112,-0.021533208,-0.019872754,-0.012709717,-0.004473502,-0.00976388,-0.010988634,-0.007802212
6,-0.042361155,-0.022822626,-0.013525735,-0.005025533,-0.049038532,-0.053849474,-0.012451259,-0.022629745
7,-0.000272183,0.001756552,-0.017673622,-0.006141454,0,0.00357202,-0.012220196,-0.004827138
8,-0.03555248,-0.034032484,-0.047383437,-0.050945198,0.002912354,-0.040301613,-0.045220199,-0.008676646
9,-0.017267844,0.001328305,-0.019550621,-0.014334659,-0.050447588,0.030313602,-0.012070424,-0.023428729
10,0.032278032,0.007533126,0.00679078,0.006289177,0.025453186,0.004866686,0.008560858,0.010916893
11,-0.044348781,-0.054261984,-0.011549904,-0.009351296,0.003238918,-0.013151015,-0.012045182,-0.004029004
12,-0.029661366,0,-0.017833593,-0.004170789,-0.023411498,-0.040899261,-0.015088013,-0.024107193
13,0.00152943,0.042572033,0.005011186,-0.007728867,-0.020561328,0.033532127,-0.003338563,-0.005092242
14,0.005043164,-0.015278458,-0.009841399,-0.001898399,0.018817884,-0.016981713,-0.00655222,-0.003227249
15,-0.010007954,0.005363236,-0.009640052,7.40E-05,-0.038808465,0.006261036,-0.003620056,-0.008077319
16,0.061708176,0.005537856,0.034786791,0.037891115,-0.008181598,0.009838156,0.032799581,0.010319685
17,0.01094866,0.010866312,-0.000797661,-0.003474788,0.048148148,0.00492178,-0.002641806,0.006344498
18,0.03587086,0.033006834,0.044182012,0.023747818,0.005594001,0.038724652,0.0299742,0.022104103
19,-0.020271848,-0.033681051,-0.020255911,-0.02477352,0.017723189,-0.014750158,-0.023108586,0.000408697
20,-0.023458255,-0.02305281,-0.020478765,-0.009712656,-0.031665977,-0.00853829,-0.007201303,0.002242539
21,-0.035607494,-0.000532907,-0.015636734,-0.017454317,-0.015133862,-0.016289303,-0.019739294,-0.019091385
22,0.022402818,0.01570993,0.02404002,0.021038593,-0.006174742,0.027573706,0.017862274,0.012718686
23,0.023230767,-0.007517662,0.026576513,0.015274749,0.026908324,0.009564898,0.018769962,0.015165589
24,-0.014571381,0.016233194,0.003931905,7.09E-05,-0.011169331,0.024127811,-0.004139094,0.002072505
25,0.042758926,0.026540681,0.029305918,0.014787613,0.015845566,0.039282461,0.019126668,0.032338114
26,0.021467637,0.001484047,0.004766184,0.003651379,-0.013410689,-0.015461796,0.005627159,0.007895394
27,-0.043906874,-0.05036862,-0.035170147,-0.022182186,-0.002901673,-0.021439596,-0.024387753,-0.002139095
28,-0.033893469,0.007923456,0.005434056,0.005019306,-0.030744916,-0.008799248,0.001097418,-0.007925997
29,-0.020825038,0.001737641,-0.027420558,-0.007609828,0,-0.008482232,-0.014092175,-0.014772748
30,0.009709195,-0.010048038,0.001321853,-0.003002934,0.009563024,0.028550768,0.003031933,0.017764444
31,-0.024629091,-0.046629446,-0.045613986,-0.013166304,-0.003764436,0.003999287,-0.012721713,-0.006850441
32,-0.050687495,0,0,-0.024655731,-0.013596231,-0.0488296,-0.030934994,-0.038322771
33,-0.012101138,-0.000950817,-0.002764335,-0.006790311,-0.014634038,-0.004351059,-0.003303102,-0.003342261
34,0.032923209,-0.012096922,0.002434631,0.002890896,0.003075786,0.001410509,0.00256948,0.006764498
35,-0.04977568,-0.011478573,-0.048746751,-0.032706045,-0.018869228,-0.025879448,-0.037924005,-0.027294442
36,0.029566248,-0.035315356,-0.019673359,-0.009922818,-0.00543789,-0.012554261,-0.012159595,0.00967787
37,-0.004151655,0.039320053,-0.010393087,-0.00894738,-0.01469498,0,-0.009447032,-0.011881112
38,0.010197804,-0.010715038,-0.012797967,0.008505804,0.026160742,0,-0.000994183,0.006099364
39,-0.000812008,-0.015905668,0.024757229,0.0171552,-0.000441044,-0.001361043,0.020902648,-0.002331164
40,-0.009518451,-0.023846498,-0.025399626,-0.022077662,0.014706431,7.86E-05,-0.018261438,-0.006150131
41,-0.031323951,-0.047741863,-0.035395107,-0.054815959,-0.038832861,-0.052364888,-0.048816774,-0.035364882
42,0.004122949,-0.006427392,-0.005229183,-0.031860804,-0.006951158,0.006409661,-0.020299096,0.001290307
43,0.00272274,0.02347539,0.052829213,0.037389099,0.008434917,0.051674378,0.03654846,0.030311506
44,-0.043381574,-0.043463291,-0.051537616,-0.032333707,0.019360241,-0.027268058,-0.037465203,-0.008671838
45,-0.019234871,0.001215289,-0.007900176,0.00022661,-0.035657548,-0.007089752,-0.01117204,-0.002097647
46,-0.016436982,-0.010074281,0.006963461,0.003308312,-0.012212678,-0.009858434,-0.000177944,-0.005558364
47,0.021882653,0.06171871,0.051456064,0.047628049,-0.00439149,0.054398075,0.050459269,0.024909954
48,0.024432446,0.002442817,0.006952911,-0.005776774,0.044514005,0.000257732,0.003950464,0.01281572
49,0.002741911,0.039921068,0.010703606,0.004942016,-0.024409814,0.008902402,0.009801191,0.005419475
50,0.034066676,0.007709238,-0.000662468,0.011144266,0.05026001,-0.003505319,0.006193885,0.018689238
51,0.005609476,-0.003522156,0.022741267,0.028960896,0.017661194,-0.01051258,0.026677664,0.010253879
52,-0.013630133,0.031634285,-0.014135646,-0.001787311,0.031303344,0.023145507,-0.005683706,0.002688691
53,-0.000881369,0.020643416,0.00214176,-0.013599614,0.002894238,0.015844054,-0.004204775,0.006012506
54,0.030888693,-0.013064131,0.011726823,0.003122584,-0.003293103,0.007717639,0.00702835,0.009847274
55,-0.000951721,-0.019967428,0.006232608,0.006788715,0.033362642,-0.009363155,0.003375003,-0.006654352
56,0.051330657,0.06836638,0.026109079,0.028196899,0,0.057290099,0.028379434,0.044121571
57,0.011893995,-0.020626376,0.002628016,-0.010503256,0.032662479,-0.022952804,-0.003923899,0.002296045
58,0.014858013,0.00958032,0.008543981,-0.002867459,-0.000979474,0.007757469,0.007125859,0.008309652
59,0.00054608,0.023052626,0.008506817,0.006363832,0.018268453,0.018723588,0.004564397,0.016417645
60,0.006408036,-0.020524738,-0.013191856,-0.006722843,-0.001084381,-0.016143127,-0.013192092,-0.006730861
61,-0.040576634,-0.035439358,-0.052331177,-0.035504525,-0.04636884,-0.030380243,-0.039575426,-0.038564463
62,0.036216524,0.013044212,0.023664745,0.04245663,-0.015484589,0.006692924,0.033905256,0.007834221
63,0.019586989,0.016421016,0.011273478,0.00748573,0.029450342,0.025332468,0.013131002,0.015339491
64,0.052522395,0.028322241,0.058950531,0.041933723,0.043103753,0.041073535,0.046299865,0.038506193
65,0.010895898,0.009684728,0.000700361,-0.023374088,0.003441406,0.014865185,-0.013565922,0.004311521
66,0.018613487,-0.008367252,-0.008055179,-0.009023892,0.012277689,-0.005058842,-0.00663938,0.004191931
67,-0.035028186,-0.024143678,-0.006298227,-0.015901395,-0.002835377,-0.007773473,-0.010973461,-0.005565862
68,0.046046123,0.011714575,0.008160941,-0.001272913,-0.027295924,0.008113036,0.00457624,-0.007501084
69,0.05155751,0.037347061,0.030107235,0.014717304,0.036672343,0.030251635,0.020350247,0.027695855
70,0.014648571,0.002530186,0,0.001329537,0.005374682,0.009898367,0,0.005385996
71,-0.018458136,0,0,0,-0.004436367,0,0,0.005879636
72,-0.009219812,-0.02026854,0.014564593,0,-0.009202462,-0.012558966,0.010410568,0.007414113
73,-0.007271922,0.012470933,-0.001585629,-0.005177582,-0.011341193,-0.003197674,-0.00569206,0.00271128
74,0.037113921,0.015419321,0.013029635,0.021094357,0.001405858,0.016473899,0.019679181,0.00243869
75,-0.006440886,0.004957068,0.014511955,0.009771985,0.017247937,-0.005381101,0.015000818,-0.005525922
76,-0.043561684,-0.043732255,-0.04159436,-0.025212563,0.001925716,-0.02982119,-0.033145055,-0.008357848
77,-0.013976351,0.021029382,0.003411245,-0.000852301,-0.024203839,0.010188062,0.000107111,-0.007276574
78,0.017986713,-0.007711286,0.02040297,0.01077559,0.001831566,0,0.014246565,-0.000966672
79,0.041463716,0.026531285,0.017241174,0.030613015,-0.002215049,0.041114235,0.019732664,0.022915147
80,-0.00776554,-0.010117621,0.004216312,0.002643279,0.002105043,-0.020564056,0.001193826,-0.01873672
81,-0.021244475,-0.002744255,-0.018631963,-0.017087813,-0.027013084,2.18E-05,-0.016191973,-0.013223984
82,0.073005406,0.021379806,0.020864204,0.022496725,0.038624986,0.030223262,0.021224456,0.025812429
83,0.040498015,-0.0009505,0.013698743,0.012830266,0,0.001333094,0.013364378,0.016444765
84,0.015619342,0.038689132,0.027504086,0.021724277,0.061229315,0.06379152,0.015641377,0.047804531
85,0.042492156,-0.003798927,-0.010131828,0,0,0.005243643,0.004722386,0.004035826
86,0.015539992,0.017254573,0.005687449,0.013648963,0,0.016228371,0.012728662,0.011737376
87,-0.01169267,-0.013290323,-0.015820981,0.000500273,0,-0.028380057,-0.005234116,-0.00246741
88,-0.005918252,0.02378394,0.022598204,0.014310465,0.005008903,0.026378015,0.016838852,0.010330863
89,-0.018413175,-0.0217472,-0.009608685,-0.005979158,0.002028086,-0.008205415,-0.011834648,-0.005579355
90,0.020467942,-0.000979319,-0.00263347,-0.002257083,-0.016359317,-0.012833092,-0.004118204,-0.002245018
91,-0.000703323,-0.027263206,-0.026405979,-0.021492451,0.004493787,-0.033274117,-0.02444295,-0.010673606
92,-0.008364512,0.010298404,0.002294509,0.007177395,-0.026773548,0.015633439,0.004393536,-0.011305019
93,0.019054811,-0.011475674,-0.000204728,-0.003329242,0.018660853,-0.00891802,0.002504001,0.008160491
94,0.008294571,0.029936576,0.023873177,0.022378302,-0.024731766,0.048899958,0.021345107,0.027348038
95,0.06128487,-0.006882962,0.037812995,0.004913133,0.033288664,-0.004245051,0.01755585,0.023405287
96,-0.012065934,-0.01689961,-0.027823812,-0.027889576,-0.008650804,-0.022856559,-0.020868958,-0.017031881
97,0.008559532,-0.001498313,0.003682503,0.004546089,-0.004147121,0.009557472,-0.000809664,0.00213008
98,0.002812079,0.025962189,-6.10E-05,0.010573187,0.013050445,0.0048923,0.00163058,0.000841483
99,-0.022049112,0,0.013560317,0,-0.003879345,0.019970076,0.00693029,-0.005331499
100,0.006089365,-0.019153403,0.003038143,0.001019495,0.013649584,-0.000945645,0.003596128,0.016360679
101,-0.00946971,0.015301234,-0.013668905,-0.006520009,0.001336146,0.023829502,-0.009320093,0.008582894
102,0.01745131,0.013483449,0.001608313,0.006904881,0.007495599,0.002955602,0.002727525,0.007760751
103,0.036775968,0.025489965,0.040019701,0.019789756,0.016172017,0.023922986,0.022988538,0.029978301
104,-0.010423561,0.001981342,0.000291641,-0.006501047,0.00274068,-0.008959741,0.000450926,-0.006630541
105,-0.020392771,-0.013834487,-0.01755778,-0.0211285,0.003842444,-0.036068649,-0.019199926,-0.013026704
106,-0.026503017,0.011418207,0.002029779,0.000798148,-0.007491806,0.026093133,0.001198657,-0.001283652
107,0.014207147,-0.002517863,0.002411795,0.011716184,0.010192006,-0.002303264,0.006255363,0.007195201
108,-0.043297074,-0.001011052,-0.014344978,-0.00755335,0.009944239,0.005403347,-0.010088166,-0.010536916
109,0.006670686,0.003497083,-0.001371646,-9.08E-05,-0.008020417,-0.008858814,0.002247523,-0.005148888
110,0.02671333,-0.003486435,0.010612059,0.00723854,0.020697148,0.004766918,0.009563579,0.019623396
111,0.006414361,0.006093308,0.011041178,0.005641288,-0.001017383,0.002748462,0.007607936,0.002888594
112,0.008682443,0.001396013,-0.007472152,-0.004469959,0.015359336,0,-0.003360153,-0.002180222
113,-0.010935365,-0.024055536,-0.036010872,-0.026461398,-0.009531439,-0.028867828,-0.026607747,-0.021109333
114,-0.004115531,-0.012801901,0.000159498,0.000600837,-0.028981619,-0.016040638,-0.001898177,-0.009452694
115,-0.002397706,-0.00138258,-0.018727781,-0.011641683,0.008979463,-0.003129526,-0.017037019,-0.013276347
116,0.024440981,0.008375844,0.007782173,0.000560787,-0.014032772,-0.002805326,0.006532695,-0.009827668
117,0.009371344,0.003109374,0.00040922,0.015069604,0.008470044,0.009210347,0.010530485,0.007504972
118,-0.014240564,-0.031078361,-0.030645878,-0.026085699,0.00408005,-0.037260554,-0.028450775,-0.011895017
119,-0.024762184,0.002304071,0.002925363,-0.00094518,-0.028559096,0.006424415,-0.000397087,-0.014676581
120,0.032322169,0.006503219,0.027007371,0.011751017,0.00425394,-0.002854675,0.021006006,0.016991546
121,0.020041017,0.021217576,-0.007357423,-0.006422449,0.021228049,0.036431633,-0.006491876,0.013359036
122,0.02094488,-0.001478936,-0.005030798,-0.00273147,0.008266001,-0.000563101,-0.002434553,0.009896025
123,0.004539175,0.009024344,0.022485929,0.012419609,-0.00955408,0.012584123,0.01610096,0.003009271
124,0.006462161,-0.008567381,-0.015773409,-0.01048797,0.017726206,-0.012992085,-0.009756314,-0.006932094
125,0.008066865,0.004352434,0.019930494,0.021304896,-0.001860454,0.001533847,0.018996966,0.01104966
126,-0.002963695,-0.029577647,-0.03885596,-0.0248176,-0.006437219,-0.010120103,-0.026148902,-0.004837023
127,-0.011508276,0.002562476,-0.00218104,0.000472222,-0.006101921,-0.001765399,-0.000129804,0.000864074
128,-0.009724852,0,-0.012049252,-0.009820745,-0.013869065,-0.006164046,-0.01052673,-0.013954751
129,0.017404655,-0.019879851,-0.011595793,-0.001885015,-0.0034229,-0.023282659,-0.005062892,-0.002388698
130,-0.0098359,-0.001669895,-0.005569842,-0.011240391,-0.02381417,-0.005657236,-0.011370978,-0.007945176
131,-0.001230056,0.003540952,0.012479081,0.00445843,-0.013862056,0.000873993,0.005713551,0.003546083
132,-0.008927347,-0.004029952,-0.01167899,-0.007603314,-0.000406925,0,-0.010951065,-0.003456886
133,0.003941595,0.024627968,0.031411443,0.017985189,-0.025844501,-0.000691001,0.020103773,-0.013401351
134,0.001961398,0.00530194,0.012489601,0.008436269,0.023098273,-0.006404264,0.00981059,0.016832183
135,0.036041524,0.029199472,0.030228467,0.025350254,0.000802976,0.048407174,0.027037465,0.027435226
136,0.010105514,0.008604637,0.00581654,0.003513893,0.008049079,0.01203328,0.004621884,0.006022186
137,-0.009281959,-0.000382751,0.004269506,0.006171025,0.005460144,0.002961825,0.006393209,0.010282347
138,0.024767693,0.011366703,0.01034125,0.012409018,0.026955527,0.020584797,0.010856959,0.023092409
139,-0.005420251,0.003620702,0.012607683,0.008426009,0,0.001485116,0.00790874,0.001526131
140,0.009434319,-0.000534409,0.005401593,0.002785548,0.007343449,-0.003028966,0.002757225,-0.004710116
141,0.027708479,0.023022629,0.024250767,0.014602347,0.007151049,0.021916235,0.018131092,0.016398626
142,0.01469961,0.003037511,-0.003420947,0.003677601,0.015362945,0.00382684,0.000477297,0.003712147
143,0.015375231,0.002977407,0.004234371,0.002073625,0.014387358,0.001687981,0.003589901,0.009279397
144,0.008396005,-0.00260985,-0.014734175,-0.012572986,-0.000138779,-0.001412572,-0.009714293,0.003495323
145,-0.000453061,-0.004573436,0.018301985,0.004120628,0.002572215,-0.01362225,0.00679058,-0.013102375
146,0.04563733,0.011825409,0.01699602,0.018324749,0.00512565,0.013732392,0.020259518,0.010000404
147,0.016193889,0.000739529,-0.005334443,-0.005021656,0.018675099,0.005272613,-0.002400819,0.010755726
148,0.050339385,0.015225583,0.017606197,0.01595143,-0.000421067,0.022246412,0.013411189,0.016159052
149,0.005901211,0.003007551,-0.001813006,-0.002373343,0.002174891,0.000714056,-0.002555235,-0.003348635
150,-0.016477754,-0.002917791,-0.011886829,-0.005215443,-0.011875526,0.006155398,-0.006186667,-0.004860192
151,-0.007075515,-0.005640579,0.003165165,0.009295817,0.013135453,-0.011218338,0.007141904,0.001624173
152,0.012236363,0.013349737,0.016434111,0.008724225,0.002307673,0.01026016,0.01108049,-0.002621474
153,0.004289841,-0.003350552,-0.007509404,-0.001988619,0.010715437,0.008837102,-0.003177243,0.00419627
154,-0.036549776,-0.012740935,-0.02472302,-0.010837387,0.005798293,-0.018989655,-0.013443727,-0.006116571
155,-0.00436774,0.011459209,0.012087512,0.009693198,-0.014315821,0.014722248,0.010512515,-0.006397762
156,0.033335747,0.006856468,0.009491105,0.008171239,0.007845521,0.00809607,0.007872083,0.013275554
157,-0.007142277,-0.008567996,-0.017180275,-0.008765038,0.007591021,-0.007212881,-0.008324871,-0.001426894
158,-0.017895879,-0.024559914,-0.02045602,-0.014745432,-0.031510413,-0.025391151,-0.01925327,-0.02977241
159,0.006328676,0.010094531,0.009400826,0.008745287,0.001590965,0.009570486,0.009641885,0.002853029
160,0.027861466,0.006837444,-0.003579228,0.000831956,-0.007902834,0.007274059,-4.21E-05,-0.003350004
161,0.026608014,0.010889255,0.015001647,0.014164513,0.01742954,0.011948419,0.014198886,0.013296568
162,0.01466062,0.01845147,0.028159057,0.019631127,-0.014083517,0.015677695,0.023348771,0.006812872
163,0.016467907,-0.000545889,0.010382074,0.009295139,0.032938842,0.000796509,0.010500577,0.016065598
164,-0.000329157,0.002366611,0.006742021,0.004198518,-0.007940868,-0.006146066,0.004957708,-0.0014647
165,-0.026864444,0.000116725,-0.006339909,-0.005342917,0.013469431,0.005990277,-0.004106477,-0.001999212
166,0.006307214,0.002777914,-0.009395737,-0.004344269,-0.015700096,-0.001073872,-0.004156013,-0.006473657
167,0.007392781,-0.001990379,0.008558729,0.008079158,0.00572828,-5.20E-05,0.009242537,0.005024977
168,-0.025187312,-0.008109142,-0.010807922,-0.018338199,-0.003957836,-0.021228575,-0.006164299,-0.012832464
169,0.007152568,-0.022372209,-0.024247085,0,0.003570449,-0.012003278,-0.017967666,0.003596736
170,-0.03160451,-0.003301906,-0.001399438,-0.000456564,-0.023989018,-0.007715796,-0.00598433,-0.008320949
171,0.012507327,0.008498592,-0.003468519,-0.004306092,-0.006423021,0.005778958,-0.001465902,0.008117162
172,-0.01798409,0.01303221,0.015536746,0.01138013,-0.00269879,0.016821479,0.012772763,0.009702045
173,0.010777477,0.008806056,0.014579985,0.016658706,0.013051646,0,0.015583349,0.010025827
174,-0.006658603,0,0.003329304,0.002854109,0.006979791,0.021012589,0.002873531,0.013928806
175,-0.008671602,0.007752278,0.016738829,0.01145557,-0.007832791,0.000950201,0.01084736,-0.002746053
176,-0.002567542,0.010368274,0.00367266,-0.003322661,0.019354473,0.010751868,-0.00103475,0.009233671
177,0.040760842,-0.001351306,0.005214478,0.00476039,-0.006617068,-0.002908421,0.005179929,0.003606254
178,-0.005213742,0.006319121,-0.000672343,0.001475515,-0.023469587,0.008564121,-0.000698728,-0.008405198
179,-0.004136276,0.003130399,0.001553886,0.004611876,0.00152402,0.00670439,0.004297024,0.008323168
180,0.025284654,0.015207304,0.012583534,0.016132238,0.005188316,0.019169169,0.014512465,0.015813252
181,0.011543224,-0.003064311,0.005402676,0.007756573,0.016706504,-0.002901027,0.005445147,0.005761581
182,0.000267365,0.002633813,-0.004776585,0.001721987,-0.007039407,0.00772294,-0.00036404,0.000412402
183,0.004858922,-0.006979274,-0.00031212,-0.006497119,0.016608748,-0.003415873,-0.002200783,-0.004004496
184,0.008482327,-0.009556581,-0.017129237,-0.011762884,0,-0.007466312,-0.014179304,-0.010152977
185,-0.012106949,-0.006109338,-0.00425509,0.000570782,-0.026742327,0.005149428,-0.002034007,-0.00059241
186,0.000624585,0.017652877,0.027374714,0.016296382,-0.025298876,0.015796766,0.017615119,-0.003191672
187,0.014048353,-0.00223207,-0.00398085,-0.001162183,0.009018586,-0.001338208,-0.001245038,0.008961924
188,-0.006064639,-0.003333824,-0.006736539,-0.005012834,0.003264897,0.004610893,-0.004051818,-0.000743823
189,-0.006405308,-0.026097229,-0.021481345,-0.016913099,-0.015373314,-0.017364366,-0.017376967,-0.003233047
190,-0.026805495,-0.004515691,-0.015722781,-0.01177715,-0.025040742,0.011724119,-0.016212542,-0.0087413
191,0.032177895,0.014765453,0.007461259,0.007110786,-0.005913542,0.019378789,0.008032903,0.001991938
192,0.044574339,0.013612406,0.026650954,0.022377758,0.001787643,0.004830464,0.023523141,0.013076211
193,-0.009687353,0.00270795,-0.002989809,-0.005679782,0.011061401,-0.000526698,-0.004043262,0.004295981
194,0.022759764,0.007442123,0.013346692,0.008905403,0.003348606,0.017753912,0.010892793,0.00769598
195,0.004064031,0.005624801,-0.000815511,0.001415209,0.018532577,0.004865809,9.16E-05,0.006176262
196,0.015381762,0.004376823,0.012414134,0.009313514,0.005989183,0.008934388,0.010575071,0.004343661
197,-0.014092117,-0.002791504,-0.011988795,-0.010825728,0,0,-0.010315897,4.48E-05
198,0.026777977,0.017393671,0.024175548,0.019596792,-0.001623895,0.023769337,0.019869578,0.016426627
199,0.001926307,0.004148815,-0.004000036,-0.006317357,0.017581736,0.007554361,-0.004118031,0.001776709
200,-0.034743583,-0.008131019,-0.015099439,-0.006299717,0.00184522,-0.007569466,-0.009167473,-0.00619924
201,0.010606877,0.009361385,0.018829544,0.017437916,-0.002054253,0.015572973,0.01594895,0.010830679
202,0.018463331,-0.006258672,-0.006994001,-0.007240005,0.009753472,-0.029215459,-0.005858889,-0.003248157
203,-0.003019502,-0.008893203,0.003730277,0.002761565,-0.000333813,0.002798402,0.001612484,-0.002497166
204,-0.009280968,0.010587366,-0.012169423,-0.009651017,-0.006428974,0.009861728,-0.010527017,-0.005011615
205,0.010879518,-0.012253261,-0.003943263,0.006736868,0.001539648,-0.016403557,-0.000778076,0.003919997
206,-0.010121663,-0.011786491,-0.017235792,-0.009756362,0.007714027,0.000414922,-0.013986319,0.000255686
207,-0.026367552,-0.003323385,-0.001266274,0.001789718,-0.014596557,-0.03002245,0.000550359,-0.014859632
208,-0.030080424,-0.019734359,-0.024931016,-0.023460916,-0.013546473,-0.048646098,-0.021614441,-0.02595065
209,-0.036051349,-0.006195842,-0.014904187,-0.007091458,-0.004008998,0.022743939,-0.005098468,-0.006025
210,-0.001328301,0.006435592,0.002924642,0.011823963,-0.023369712,0.017667081,0.006416061,-0.001535758
211,-0.030117918,0.002423036,-0.014367602,-0.013272131,0.004210263,0,-0.014107112,-0.007353045
212,0.028040939,0.00104211,0.016833799,0.013937989,0,0.02007084,0.016556042,0.018558259
213,0.004521631,0.019052883,0.006716638,0.00345923,-0.012971414,0.014029703,0.006450039,0.00236358
214,-0.001013832,0.002500083,0.001336473,0.003330642,0.007372851,-0.005414533,0.001380545,0.004129933
215,0.022223315,0.021995171,0.023672397,0.017826815,0.002004252,0.026753968,0.019047949,0.017839994
216,0.007653769,-6.40E-05,-0.001160874,-0.000898172,0.0062745,0.001343224,-0.002355524,0.004411033
217,0.017689104,0.005019358,0.009777103,0.006916092,9.62E-05,0.00192867,0.00648076,0.007978584
218,-0.006917942,-0.010312341,-0.000774776,0.001840032,-0.006829608,-0.030305118,-0.000105516,-0.010681845
219,-0.009044561,0.005722896,0.004029681,0.003764345,-0.003492249,0.013531422,0.001930278,0.002916671
220,0.010121533,0.014363915,0.020535632,0.016162763,0.002133785,0.019719781,0.014123227,0.01569294
221,-0.034907071,0.000919076,-0.004556587,-0.006860195,-0.006275279,0.011624134,-0.006568908,0.000917437
222,-0.0164249,-0.000468443,0.001587406,-0.000711078,-0.005475434,-0.013291515,0.000538703,-0.001784346
223,-0.013773197,-0.013516784,-0.014870868,-0.014024999,-0.013245613,-0.002845466,-0.015621595,-0.005447913
224,-0.022447375,-0.003220084,-0.006868283,-0.003099127,-0.005438097,0.007240748,-0.005852463,-0.003116793
225,0.013944427,0.013523927,0.024132783,0.019629363,-0.010169798,0,0.020448651,0.007984955
,,,,,,,,
,,,,,,,,
,,,,,,,,
,,,,,,,,
,,,,,,,,
,,,,,,,,
,,,,,,,,
,,,,,,,,
,,,,,,,,
,,,,,,,,
,,,,,,,,
,,,,,,,,
,,,,,,,,
,,,,,,,,
,,,,,,,,
,,,,,,,,
,,,,,,,,
,,,,,,,,
,,,,,,,,
,,,,,,,,
,,,,,,,,
,,,,,,,,
,,,,,,,,
,,,,,,,,
,,,,,,,,
,,,,,,,,
,,,,,,,,
,,,,,,,,
,,,,,,,,
,,,,,,,,
,,,,,,,,
,,,,,,,,
,,,,,,,,
,,,,,,,,
,,,,,,,,
,,,,,,,,
,,,,,,,,
,,,,,,,,
,,,,,,,,
,,,,,,,,
,,,,,,,,
,,,,,,,,
,,,,,,,,
,,,,,,,,
,,,,,,,,
,,,,,,,,
,,,,,,,,
,,,,,,,,
,,,,,,,,
,,,,,,,,
,,,,,,,,
,,,,,,,,
,,,,,,,,
,,,,,,,,
,,,,,,,,
,,,,,,,,
,,,,,,,,
,,,,,,,,
,,,,,,,,
,,,,,,,,
,,,,,,,,
,,,,,,,,
,,,,,,,,
,,,,,,,,
,,,,,,,,
,,,,,,,,
,,,,,,,,
,,,,,,,,
,,,,,,,,
,,,,,,,,
,,,,,,,,
,,,,,,,,
,,,,,,,,
,,,,,,,,
,,,,,,,,
,,,,,,,,
,,,,,,,,
,,,,,,,,
,,,,,,,,
,,,,,,,,
,,,,,,,,
,,,,,,,,
,,,,,,,,
,,,,,,,,
,,,,,,,,
,,,,,,,,
,,,,,,,,
,,,,,,,,
,,,,,,,,
,,,,,,,,
,,,,,,,,
,,,,,,,,
,,,,,,,,
,,,,,,,,
,,,,,,,,
,,,,,,,,
,,,,,,,,
,,,,,,,,
,,,,,,,,
,,,,,,,,
,,,,,,,,
,,,,,,,,
,,,,,,,,
,,,,,,,,
,,,,,,,,
,,,,,,,,
,,,,,,,,
,,,,,,,,
,,,,,,,,
,,,,,,,,
,,,,,,,,
,,,,,,,,
,,,,,,,,
,,,,,,,,
,,,,,,,,
,,,,,,,,
,,,,,,,,
,,,,,,,,
,,,,,,,,
,,,,,,,,
,,,,,,,,
,,,,,,,,
,,,,,,,,
,,,,,,,,
,,,,,,,,
,,,,,,,,
,,,,,,,,
,,,,,,,,
,,,,,,,,
,,,,,,,,
,,,,,,,,
,,,,,,,,
,,,,,,,,
,,,,,,,,
,,,,,,,,
,,,,,,,,
,,,,,,,,
,,,,,,,,
,,,,,,,,
,,,,,,,,
,,,,,,,,
,,,,,,,,
,,,,,,,,
,,,,,,,,
,,,,,,,,
,,,,,,,,
,,,,,,,,
,,,,,,,,
,,,,,,,,
,,,,,,,,
,,,,,,,,
,,,,,,,,
,,,,,,,,
,,,,,,,,
,,,,,,,,
,,,,,,,,
,,,,,,,,
,,,,,,,,
,,,,,,,,
,,,,,,,,
,,,,,,,,
,,,,,,,,
,,,,,,,,
,,,,,,,,
,,,,,,,,
,,,,,,,,
,,,,,,,,
,,,,,,,,
,,,,,,,,
,,,,,,,,
,,,,,,,,
,,,,,,,,
,,,,,,,,
,,,,,,,,
,,,,,,,,
,,,,,,,,
,,,,,,,,
,,,,,,,,
,,,,,,,,
,,,,,,,,
,,,,,,,,
,,,,,,,,
,,,,,,,,
,,,,,,,,
,,,,,,,,
,,,,,,,,
,,,,,,,,
,,,,,,,,
,,,,,,,,
,,,,,,,,
,,,,,,,,
,,,,,,,,
,,,,,,,,
,,,,,,,,
,,,,,,,,
,,,,,,,,
,,,,,,,,
,,,,,,,,
,,,,,,,,
,,,,,,,,
,,,,,,,,
,,,,,,,,
,,,,,,,,
,,,,,,,,
,,,,,,,,
,,,,,,,,
,,,,,,,,
,,,,,,,,
,,,,,,,,
,,,,,,,,
,,,,,,,,
,,,,,,,,
,,,,,,,,
,,,,,,,,
,,,,,,,,
,,,,,,,,
,,,,,,,,
,,,,,,,,
,,,,,,,,
,,,,,,,,
,,,,,,,,
,,,,,,,,
,,,,,,,,
,,,,,,,,
,,,,,,,,
,,,,,,,,
,,,,,,,,
,,,,,,,,
,,,,,,,,
,,,,,,,,
,,,,,,,,
,,,,,,,,
,,,,,,,,
,,,,,,,,
,,,,,,,,
,,,,,,,,
,,,,,,,,
,,,,,,,,
,,,,,,,,
,,,,,,,,
,,,,,,,,
,,,,,,,,
,,,,,,,,
,,,,,,,,
,,,,,,,,
,,,,,,,,
,,,,,,,,
,,,,,,,,
,,,,,,,,
,,,,,,,,
,,,,,,,,
,,,,,,,,
,,,,,,,,
,,,,,,,,
,,,,,,,,
,,,,,,,,
,,,,,,,,
,,,,,,,,
,,,,,,,,
,,,,,,,,
,,,,,,,,
,,,,,,,,
,,,,,,,,
,,,,,,,,
,,,,,,,,
,,,,,,,,
,,,,,,,,
,,,,,,,,
,,,,,,,,
,,,,,,,,
,,,,,,,,
,,,,,,,,
,,,,,,,,
,,,,,,,,
,,,,,,,,
,,,,,,,,
,,,,,,,,
,,,,,,,,
,,,,,,,,
,,,,,,,,
,,,,,,,,
,,,,,,,,
,,,,,,,,
,,,,,,,,
,,,,,,,,
,,,,,,,,
,,,,,,,,
,,,,,,,,
,,,,,,,,
,,,,,,,,
,,,,,,,,
,,,,,,,,
,,,,,,,,
,,,,,,,,
,,,,,,,,
,,,,,,,,
,,,,,,,,
